Dict,,str,,int,,bool,,List,,bytes,,Tuple,,Callable,,Type,,NoneType,
request,0.1,unicode,0.093,byte,0.1,true,0.094,topics,0.097,sequence,0.186,certificate,0.081,function,0.125,type,0.144,request,0.087
dict,0.094,request,0.072,value,0.076,flag,0.088,array,0.09,byte,0.186,ssl,0.079,token,0.11,resource,0.119,token,0.081
headers,0.089,client,0.064,number,0.072,included,0.074,scopes,0.089,send,0.108,tuple,0.067,callable,0.098,requested,0.116,string,0.073
dictionary,0.085,token,0.058,bytes,0.057,retain,0.053,requested,0.064,data,0.08,timeout,0.055,request,0.098,object,0.067,key,0.062
cookiejar,0.07,uri,0.047,optional,0.043,optional,0.052,request,0.057,object,0.074,value,0.05,generate,0.098,class,0.052,client,0.061
optional,0.063,object,0.043,read,0.043,string,0.04,qos,0.045,request,0.074,optional,0.047,call,0.087,reference,0.051,access,0.04
key,0.049,string,0.037,timeout,0.041,whether,0.039,section,0.042,class,0.074,resource,0.042,called,0.045,point,0.051,optional,0.036
class,0.046,grant,0.036,qos_0,0.033,download,0.038,described,0.037,new,0.074,one,0.033,coroutine,0.044,entry,0.051,authorization,0.03
configuration,0.041,authorization,0.036,maximum,0.031,false,0.038,access,0.037,method,0.074,context,0.033,event,0.042,one,0.044,used,0.023
send,0.041,resource,0.032,given,0.029,value,0.037,scope,0.034,bytes,0.065,register,0.033,argument,0.04,identifier,0.042,object,0.019
